# lemma	ids	note
reiterar	896493,3560999	
suspensión	leipzig:584594,leipzig:629411	
respectivamente	leipzig:853003,leipzig:180652	
dominicano	leipzig:723128,leipzig:824994	
filme	leipzig:934928,leipzig:55525	
puntualizar		all candidates are quote fragments or dangling reporting verbs; 189340 is vague and awkward
plantel	leipzig:315245,leipzig:830734	
panista	leipzig:29172	others are quote fragments, partisan, or lack context
prestación	leipzig:85425	others are the features/performance sense, fragments, or interview-marked
islamista	leipzig:788715,leipzig:196360	
referente	leipzig:89404,leipzig:895445	
agrupación	leipzig:731075,leipzig:782104	
goleador	leipzig:941523,leipzig:574599	
seguimiento	leipzig:16882,leipzig:888736	
atacante	leipzig:821404,leipzig:644921	
indocumentado	leipzig:970487,leipzig:30845	
valoración	leipzig:209988,leipzig:353420	
insurgente	leipzig:151380,leipzig:343488	
priísta	leipzig:372237,leipzig:834321	
capitalino	leipzig:13305,leipzig:768885	
apostillar		all candidates are quote fragments with a dangling reporting verb
comparecencia	leipzig:107014,leipzig:802860	
azulgrana	leipzig:736581,leipzig:937710	
debutar	leipzig:520434,leipzig:266216	
nacionalista	leipzig:159968,leipzig:512429	
eliminación	leipzig:654469	others are fragments, unbalanced quotes, context-dependent, or ungrammatical (es probable que ... dará)
nazi	11992297	only noun uses are usable; others are partisan, fragments, or odd
preliminar	leipzig:360571,leipzig:638116	
delictivo	leipzig:164048,leipzig:417252	
rehabilitación	leipzig:844921,leipzig:793956	
